﻿pos_x,pos_y,rotation,side,designator,mpn,pack,value,mount_type,place
119.8118,-66.3086,-90.0,top,C1,,CP_Radial_D5.0mm_P2.50mm,47uF,tht,True
187.6044,-63.3892,-90.0,top,C2,,CP_Radial_D5.0mm_P2.50mm,47uF,tht,True
187.7314,-96.5616,-90.0,top,C3,,CP_Radial_D5.0mm_P2.50mm,47uF,tht,True
183.1086,-88.9254,0.0,top,G99,,LOGO,LOGO,tht,False
103.124,-59.436,0.0,top,H1,,MountingHole_3.2mm_M3,MountingHole_3.2mm_M3,tht,False
203.2,-59.436,0.0,top,H2,,MountingHole_3.2mm_M3,MountingHole_3.2mm_M3,tht,False
203.2,-119.38,0.0,top,H3,,MountingHole_3.2mm_M3,MountingHole_3.2mm_M3,tht,False
103.2256,-119.4054,0.0,top,H4,,MountingHole_3.2mm_M3,MountingHole_3.2mm_M3,tht,False
195.834,-65.278,-90.0,top,J1,,TerminalBlock_bornier-4_P5.08mm,Azimuth,tht,True
130.3782,-106.1974,0.0,top,J10,,PinHeader_1x03_P2.54mm_Vertical,GPI16,tht,True
132.6134,-88.8188,0.0,top,J11,,PinHeader_1x02_P2.54mm_Vertical,VMOTRef,tht,True
135.4582,-103.6574,0.0,top,J12,,PinHeader_1x04_P2.54mm_Vertical,I2C,tht,True
137.9982,-103.6574,0.0,top,J13,,PinHeader_1x04_P2.54mm_Vertical,I2C,tht,True
140.5382,-103.6574,0.0,top,J14,,PinHeader_1x04_P2.54mm_Vertical,I2C,tht,True
195.834,-97.79,-90.0,top,J2,,TerminalBlock_bornier-4_P5.08mm,Altitude,tht,True
199.39,-86.614,-90.0,top,J3,,TerminalBlock_bornier-2_P5.08mm,Power 12V,tht,True
109.728,-65.024,0.0,top,J4,,PinHeader_2x20_P2.54mm_Vertical,Pi Connector,tht,True
128.778,-57.404,-90.0,top,J5,,PinSocket_1x09_P2.54mm_Vertical,GPS Module,tht,True
120.2182,-106.1974,0.0,top,J6,,PinHeader_1x03_P2.54mm_Vertical,GPIO26,tht,True
122.7582,-106.1974,0.0,top,J7,,PinHeader_1x03_P2.54mm_Vertical,GPIO21,tht,True
125.2982,-106.1974,0.0,top,J8,,PinHeader_1x03_P2.54mm_Vertical,GPI20,tht,True
127.8382,-106.1974,0.0,top,J9,,PinHeader_1x03_P2.54mm_Vertical,GPI19,tht,True
126.5384,-66.3448,-90.0,top,Q1,,TO-92_Inline_Wide,BC548,tht,True
126.1364,-80.8482,180.0,top,R1,,R_Axial_DIN0207_L6.3mm_D2.5mm_P7.62mm_Horizontal,330,tht,True
126.1364,-75.4634,180.0,top,R2,,R_Axial_DIN0207_L6.3mm_D2.5mm_P7.62mm_Horizontal,10K,tht,True
159.2326,-82.423,90.0,top,R3,,R_Axial_DIN0207_L6.3mm_D2.5mm_P7.62mm_Horizontal,1K,tht,True
118.5164,-86.233,0.0,top,R4,,R_Axial_DIN0207_L6.3mm_D2.5mm_P7.62mm_Horizontal,10K,tht,True
118.491,-91.6178,0.0,top,R5,,R_Axial_DIN0207_L6.3mm_D2.5mm_P7.62mm_Horizontal,3.3K,tht,True
149.5309,-95.3114,0.0,top,SW2,,SW_PUSH_6mm_H5mm,HOME,tht,True
149.4802,-106.7414,0.0,top,SW3,,SW_PUSH_6mm_H5mm,STOP,tht,True
144.018,-57.912,0.0,top,U1,,Timy2350,~,tht,True
175.5394,-57.431,0.0,top,U2,,TMC2209,~,tht,True
175.5394,-90.551,0.0,top,U3,,TMC2209,~,tht,True
157.1244,-89.2302,-90.0,top,U4,,AM2320,~,tht,True
