﻿designator,quantity,value,pack,mpn,mount_type
"C1, C2, C3",3,47uF,CP_Radial_D5.0mm_P2.50mm,,tht
G99,1,LOGO,LOGO,,tht
"H1, H2, H3, H4",4,MountingHole_3.2mm_M3,MountingHole_3.2mm_M3,,tht
J1,1,Azimuth,TerminalBlock_bornier-4_P5.08mm,,tht
J10,1,GPI16,PinHeader_1x03_P2.54mm_Vertical,,tht
J11,1,VMOTRef,PinHeader_1x02_P2.54mm_Vertical,,tht
"J12, J13, J14",3,I2C,PinHeader_1x04_P2.54mm_Vertical,,tht
J2,1,Altitude,TerminalBlock_bornier-4_P5.08mm,,tht
J3,1,Power 12V,TerminalBlock_bornier-2_P5.08mm,,tht
J4,1,Pi Connector,PinHeader_2x20_P2.54mm_Vertical,,tht
J5,1,GPS Module,PinSocket_1x09_P2.54mm_Vertical,,tht
J6,1,GPIO26,PinHeader_1x03_P2.54mm_Vertical,,tht
J7,1,GPIO21,PinHeader_1x03_P2.54mm_Vertical,,tht
J8,1,GPI20,PinHeader_1x03_P2.54mm_Vertical,,tht
J9,1,GPI19,PinHeader_1x03_P2.54mm_Vertical,,tht
Q1,1,BC548,TO-92_Inline_Wide,,tht
R1,1,330,R_Axial_DIN0207_L6.3mm_D2.5mm_P7.62mm_Horizontal,,tht
"R2, R4",2,10K,R_Axial_DIN0207_L6.3mm_D2.5mm_P7.62mm_Horizontal,,tht
R3,1,1K,R_Axial_DIN0207_L6.3mm_D2.5mm_P7.62mm_Horizontal,,tht
R5,1,3.3K,R_Axial_DIN0207_L6.3mm_D2.5mm_P7.62mm_Horizontal,,tht
SW2,1,HOME,SW_PUSH_6mm_H5mm,,tht
SW3,1,STOP,SW_PUSH_6mm_H5mm,,tht
U1,1,~,Timy2350,,tht
"U2, U3",2,~,TMC2209,,tht
U4,1,~,AM2320,,tht
