﻿pos_x,pos_y,rotation,side,designator,mpn,pack,footprint,value,mount_type
119.8118,-66.3086,-90.0,top,C1,,,CP_Radial_D5.0mm_P2.50mm,47uF,tht
187.6044,-63.3892,-90.0,top,C2,,,CP_Radial_D5.0mm_P2.50mm,47uF,tht
187.7314,-96.5616,-90.0,top,C3,,,CP_Radial_D5.0mm_P2.50mm,47uF,tht
195.834,-65.278,-90.0,top,J1,,,TerminalBlock_bornier-4_P5.08mm,Azimuth,tht
130.3782,-106.1974,0.0,top,J10,,,PinHeader_1x03_P2.54mm_Vertical,GPI16,tht
140.2588,-88.7934,0.0,top,J11,,,PinHeader_1x02_P2.54mm_Vertical,VMOTRef,tht
135.4582,-103.6574,0.0,top,J12,,,PinHeader_1x04_P2.54mm_Vertical,I2C,tht
137.9982,-103.6574,0.0,top,J13,,,PinHeader_1x04_P2.54mm_Vertical,I2C,tht
140.5382,-103.6574,0.0,top,J14,,,PinHeader_1x04_P2.54mm_Vertical,I2C,tht
132.7912,-88.7934,0.0,top,J15,,,PinHeader_1x02_P2.54mm_Vertical,TinyPower,tht
195.834,-97.79,-90.0,top,J2,,,TerminalBlock_bornier-4_P5.08mm,Altitude,tht
199.39,-86.614,-90.0,top,J3,,,TerminalBlock_bornier-2_P5.08mm,Power 12V,tht
109.728,-65.024,0.0,top,J4,,,PinHeader_2x20_P2.54mm_Vertical,Pi Connector,tht
128.778,-57.404,-90.0,top,J5,,,PinSocket_1x09_P2.54mm_Vertical,GPS Module,tht
120.2182,-106.1974,0.0,top,J6,,,PinHeader_1x03_P2.54mm_Vertical,GPIO26,tht
122.7582,-106.1974,0.0,top,J7,,,PinHeader_1x03_P2.54mm_Vertical,GPIO21,tht
125.2982,-106.1974,0.0,top,J8,,,PinHeader_1x03_P2.54mm_Vertical,GPI20,tht
127.8382,-106.1974,0.0,top,J9,,,PinHeader_1x03_P2.54mm_Vertical,GPI19,tht
126.5384,-66.3448,-90.0,top,Q1,,,TO-92_Inline_Wide,BC548,tht
126.1364,-80.8482,180.0,top,R1,,,R_Axial_DIN0207_L6.3mm_D2.5mm_P7.62mm_Horizontal,330,tht
126.1364,-75.4634,180.0,top,R2,,,R_Axial_DIN0207_L6.3mm_D2.5mm_P7.62mm_Horizontal,10K,tht
159.2326,-82.423,90.0,top,R3,,,R_Axial_DIN0207_L6.3mm_D2.5mm_P7.62mm_Horizontal,1K,tht
118.5164,-86.233,0.0,top,R4,,,R_Axial_DIN0207_L6.3mm_D2.5mm_P7.62mm_Horizontal,10K,tht
118.491,-91.6178,0.0,top,R5,,,R_Axial_DIN0207_L6.3mm_D2.5mm_P7.62mm_Horizontal,3.3K,tht
149.5309,-95.3114,0.0,top,SW2,,,SW_PUSH_6mm_H5mm,HOME,tht
149.4802,-106.7414,0.0,top,SW3,,,SW_PUSH_6mm_H5mm,STOP,tht
144.018,-57.912,0.0,top,U1,,,Tiny2350,~,tht
175.5394,-57.431,0.0,top,U2,,,TMC2209,~,tht
175.5394,-90.551,0.0,top,U3,,,TMC2209,~,tht
161.7488,-89.0778,-90.0,top,U4,,,AM2320,~,tht
